[
  {
    "id": 1,
    "name": "ティーイングエリアでのルール",
    "category": "ティーイングエリア",
    "answer": "ティーマーカー内で打たなければならない。",
    "detail": "ティーマーカーの外から打つと2打罰。",
    "tip": "ティーの位置をよく確認しましょう。",
    "tags": [
      "一般"
    ],
    "image": ""
  },
  {
    "id": 2,
    "name": "フェアウェイでのルール",
    "category": "フェアウェイ",
    "answer": "ボールはあるがままにプレーする。",
    "detail": "改善のために地面をならしたりしてはいけない。",
    "tip": "芝の状態を活かすのも技術です。",
    "tags": [
      "一般"
    ],
    "image": "",
    "illustration": "images/bunker-diagram.png"
  },
  {
    "id": 3,
    "name": "ラフでのルール",
    "category": "ラフ",
    "answer": "草を押し倒してはならない。",
    "detail": "クラブで押し倒すと2打罰。",
    "tip": "ラフからはロフトを使いましょう。",
    "tags": [
      "一般"
    ],
    "image": ""
  },
  {
    "id": 4,
    "name": "バンカーでクラブを砂につけていい？",
    "category": "バンカー",
    "answer": "いいえ、打つ前にクラブを砂につけてはいけません。",
    "detail": "ゴルフ規則12.2bに基づき禁止されています。",
    "tip": "練習スイングで砂に触れてもペナルティです。",
    "tags": [
      "バンカー",
      "砂"
    ],
    "image": "images/bunker_sample.png"
  },
  {
    "id": 5,
    "name": "グリーンでのルール",
    "category": "グリーン",
    "answer": "ボールマークは修復できる。",
    "detail": "グリーン上の損傷は修復可能。",
    "tip": "プレーファストを意識しましょう。",
    "tags": [
      "一般"
    ],
    "image": ""
  },
  {
    "id": 6,
    "name": "OBのルール",
    "category": "OB",
    "answer": "1打罰で元の場所から打ち直し。",
    "detail": "ホワイト杭の外に出たらOB。",
    "tip": "プレー前に特設ティーの有無を確認。",
    "tags": [
      "OB",
      "ペナルティ"
    ],
    "image": "images/ob_sample.png"
  },
  {
    "id": 7,
    "name": "旗を抜いていい？",
    "category": "黄杭（正面）",
    "answer": "はい、抜いてもそのままでもOK。",
    "detail": "プレーヤーの選択。旗に当たっても無罰。",
    "tip": "風の影響も考慮しましょう。",
    "tags": [
      "一般"
    ],
    "image": ""
  },
  {
    "id": 101,
    "name": "暫定球の宣言",
    "category": "ティーイングエリア",
    "tags": [
      "OB",
      "暫定球"
    ],
    "detail": "ボールがOBかもしれない場合、必ず『暫定球を打ちます』と宣言してから打つ必要があります。",
    "tip": "宣言を忘れると、暫定球は本球扱いになってしまいます。",
    "image": "images/tee-provisional.png"
  },
  {
    "id": 102,
    "name": "空振りの扱い",
    "category": "フェアウェイ",
    "tags": [
      "空振り"
    ],
    "detail": "空振りは1打としてカウントされます。",
    "tip": "クラブがボールに触れなくても、ストロークの意思があれば1打です。",
    "image": "images/whiff.png",
    "illustration": "images/whiff-diagram.png"
  },
  {
    "id": 103,
    "name": "草木を折ったとき",
    "category": "ラフ",
    "tags": [
      "ペナルティ"
    ],
    "detail": "ストロークのために故意に草や枝を折ると2打罰になります。",
    "tip": "スタンスやスイングエリアを確保するための行為は違反です。",
    "image": "images/rough-branch.png"
  },
  {
    "id": 104,
    "name": "旗竿を立てたままパット",
    "category": "グリーン",
    "tags": [
      "旗",
      "グリーン"
    ],
    "detail": "旗を立てたままパットしても罰はありません。ボールが旗に当たっても無罰です。",
    "tip": "2019年のルール改正で認められ、プレー速度向上に繋がりました。",
    "image": "images/flagstick.png",
    "illustration": "images/flagstick-diagram.png"
  },
  {
    "id": 105,
    "name": "OBの処置",
    "category": "OB",
    "tags": [
      "OB",
      "ペナルティ"
    ],
    "detail": "ボールがOBに出た場合、2打罰で元の位置から打ち直します。",
    "tip": "ローカルルールで前進4打（特設ティー）が設けられることもあります。",
    "image": "images/ob.png",
    "illustration": "images/ob-diagram.png"
  },
  {
    "id": 106,
    "name": "杭の扱い（白・赤・黄色・青）",
    "category": "OB",
    "tags": [
      "杭",
      "ローカルルール",
      "ペナルティ"
    ],
    "detail": "杭の色によって意味が異なります。白杭はOB境界、赤杭はラテラルウォーターハザード、黄色杭はウォーターハザード、青杭は修理地を示します。",
    "tip": "杭の意味は基本ルールで決まっていますが、ローカルルールで異なる場合もあるためスタート前に確認しましょう。",
    "image": "images/stakes.png",
    "illustration": "images/stakes-diagram.png"
  },
  {
    "id": 107,
    "name": "ローカルルールの確認",
    "category": "黄杭（正面）",
    "tags": [
      "ローカルルール"
    ],
    "detail": "各ゴルフ場には独自のローカルルールが設定されている場合があります。例：前進4打、修理地の扱い、プレイング4など。",
    "tip": "スタート前にスコアカード裏面や掲示板で必ず確認しておくとトラブルを防げます。",
    "image": "images/local-rules.png",
    "illustration": "images/local-rules-diagram.png"
  },
  {
    "id": 108,
    "name": "ティーマークの色の違い",
    "category": "ティーイングエリア",
    "tags": [
      "ティーマーク",
      "ローカルルール"
    ],
    "detail": "一般的に白ティーは男性用、赤ティーは女性用、青ティーはバックティーとして使用されます。ただしゴルフ場によって運用は異なります。",
    "tip": "競技やラウンド時はスタート前にどのティーを使用するか必ず確認しましょう。",
    "image": "images/tee-markers.png",
    "illustration": "images/tee-markers-diagram.png"
  },
  {
    "id": 109,
    "name": "池に入ったときの処置（水際・赤杭・黄杭）",
    "category": "黄杭（正面）",
    "tags": [
      "池",
      "ウォーターハザード",
      "赤杭",
      "黄杭"
    ],
    "detail": "赤杭（ラテラル）と黄杭（正面）で処置が異なります。赤杭は横にドロップ可、黄杭は池とホールを結んだ延長線上にドロップ。",
    "tip": "ローカルルールでドロップエリアが設定されていることもあります。",
    "image": "images/water-hazard.png"
  },
  {
    "id": 110,
    "name": "アンプレヤブルの宣言",
    "category": "黄杭（正面）",
    "tags": [
      "アンプレヤブル",
      "ドロップ"
    ],
    "detail": "ボールが打てないと判断した場合、自分でアンプレヤブルを宣言できます。1打罰で①元の位置②2クラブ以内③後方延長のいずれかにドロップ。",
    "tip": "バンカー内のアンプレは制限があるので注意。",
    "image": "images/unplayable.png"
  },
  {
    "id": 111,
    "name": "バンカーでのアンプレヤブル",
    "category": "バンカー",
    "tags": [
      "アンプレヤブル",
      "バンカー"
    ],
    "detail": "バンカー内でのアンプレヤブルは、基本的にバンカー内にドロップしなければなりません。ただし2打罰でバンカーの外に出すことも可能です。",
    "tip": "難しい状況なら無理せず選択を検討。",
    "image": "images/bunker-unplayable.png"
  },
  {
    "id": 112,
    "name": "マークしてボールを拾い上げる",
    "category": "グリーン",
    "tags": [
      "マーク",
      "グリーン"
    ],
    "detail": "グリーン上のボールを拾い上げる場合は必ずマークが必要です。",
    "tip": "コインやティーなど小さな物でOK。",
    "image": "images/mark-ball.png"
  },
  {
    "id": 113,
    "name": "ラインを踏む行為",
    "category": "グリーン",
    "tags": [
      "マナー",
      "グリーン"
    ],
    "detail": "他人のパッティングラインを踏むのはマナー違反です。ルール違反ではありませんが注意しましょう。",
    "tip": "マナー違反＝競技で嫌われる行為なので注意。",
    "image": "images/line.png"
  },
  {
    "id": 114,
    "name": "ティーイングエリアの範囲",
    "category": "ティーイングエリア",
    "tags": [
      "ティーマーク",
      "ティーエリア"
    ],
    "detail": "ティーイングエリアはティーマークを結んだ線から前方2クラブ、左右はマークの外側が範囲です。",
    "tip": "範囲外から打つと2打罰になります。",
    "image": "images/tee-area.png"
  },
  {
    "id": 115,
    "name": "ティーマークを動かす行為",
    "category": "ティーイングエリア",
    "tags": [
      "ティーマーク",
      "ペナルティ"
    ],
    "detail": "ティーマークを動かすと2打罰になります。マナー違反としても扱われます。",
    "tip": "競技ゴルフでは特に厳しく注意されます。",
    "image": "images/tee-marker-move.png"
  },
  {
    "id": 116,
    "name": "ディボット跡からの救済は不可",
    "category": "フェアウェイ",
    "tags": [
      "ディボット"
    ],
    "detail": "ディボット跡は修理地ではないため、基本的にそのままプレーする必要があります。",
    "tip": "ローカルルールで修理地扱いにしているゴルフ場もあります。",
    "image": "images/divot.png"
  },
  {
    "id": 117,
    "name": "ボールが動いた場合（自然）",
    "category": "フェアウェイ",
    "tags": [
      "ボール移動"
    ],
    "detail": "風や傾斜など自然の影響でボールが動いた場合は無罰で元の位置に戻します。",
    "tip": "元の位置が不明な場合は推定してプレースします。",
    "image": "images/ball-move-natural.png"
  },
  {
    "id": 118,
    "name": "ボールが動いた場合（自分で触った）",
    "category": "フェアウェイ",
    "tags": [
      "ボール移動",
      "ペナルティ"
    ],
    "detail": "プレーヤー自身がボールを動かした場合は1打罰。ただしグリーン上は無罰です。",
    "tip": "意図せず触れてもペナルティになります。",
    "image": "images/ball-move-player.png"
  },
  {
    "id": 119,
    "name": "バンカーの水たまり（異常な状態）",
    "category": "バンカー",
    "tags": [
      "救済",
      "バンカー"
    ],
    "detail": "バンカー内に水が溜まっている場合は無罰で救済を受けられます。ただしバンカー内にドロップする必要があります。",
    "tip": "バンカーの外に出す場合は1打罰が必要です。",
    "image": "images/bunker-water.png"
  },
  {
    "id": 120,
    "name": "バンカー内の石や落ち葉",
    "category": "バンカー",
    "tags": [
      "バンカー",
      "ルースインペディメント"
    ],
    "detail": "バンカー内の石や落ち葉などの自然物は無罰で取り除くことができます。",
    "tip": "プレーに支障がある場合は積極的に取り除きましょう。",
    "image": "images/bunker-leaves.png"
  },
  {
    "id": 121,
    "name": "グリーン上のボールマーク修復",
    "category": "グリーン",
    "tags": [
      "ボールマーク",
      "修復"
    ],
    "detail": "グリーン上のボールマークは無罰で修復可能です。",
    "tip": "グリーン保護のため必ず修復しましょう。",
    "image": "images/ball-mark.png"
  },
  {
    "id": 122,
    "name": "他人のラインを踏んだ場合",
    "category": "グリーン",
    "tags": [
      "マナー",
      "グリーン"
    ],
    "detail": "他人のパッティングラインを踏むのはマナー違反です。ルール違反ではありません。",
    "tip": "マナーとして避けるべき行為です。",
    "image": "images/line-step.png"
  },
  {
    "id": 123,
    "name": "ボールがグリーン上で動いた場合",
    "category": "グリーン",
    "tags": [
      "ボール移動",
      "グリーン"
    ],
    "detail": "グリーン上でボールが自然に動いた場合は無罰で元の位置に戻します。",
    "tip": "風や傾斜の影響で動くことがあります。",
    "image": "images/green-ball-move.png"
  },
  {
    "id": 124,
    "name": "カート道に止まった場合",
    "category": "黄杭（正面）",
    "tags": [
      "カート道",
      "救済"
    ],
    "detail": "ボールがカート道に止まった場合は無罰救済を受けられます。ニアレストポイントから1クラブ以内にドロップします。",
    "tip": "救済を受けない選択も可能です。",
    "image": "images/cart-path.png"
  },
  {
    "id": 125,
    "name": "修理地に入った場合",
    "category": "黄杭（正面）",
    "tags": [
      "修理地",
      "救済"
    ],
    "detail": "白線や青杭で示された修理地に入った場合は無罰で救済を受けられます。",
    "tip": "グラウンドの保護が目的です。",
    "image": "images/gur.png"
  },
  {
    "id": 126,
    "name": "動物の穴に入った場合",
    "category": "黄杭（正面）",
    "tags": [
      "動物",
      "救済"
    ],
    "detail": "ボールが動物の穴に入った場合は無罰救済の対象です。",
    "tip": "モグラやウサギなど自然動物の穴も含まれます。",
    "image": "images/animal-hole.png"
  },
  {
    "id": 127,
    "name": "OBと池の両方が絡むケース",
    "category": "OB",
    "tags": [
      "OB",
      "ウォーターハザード"
    ],
    "detail": "OBと池が同時に絡む場合はOBが優先されます。",
    "tip": "ジャッジが難しい場合は同伴競技者に確認しましょう。",
    "image": "images/ob-water.png"
  },
  {
    "id": 128,
    "name": "プレーのスピードに関するルール（スロープレー）",
    "category": "マナー",
    "tags": [
      "スロープレー",
      "ペナルティ"
    ],
    "detail": "プレーが遅すぎる場合、警告や罰打が科されることがあります。",
    "tip": "スムーズな進行を心がけましょう。",
    "image": "images/slow-play.png"
  },
  {
    "id": 129,
    "name": "プレーの順番（マッチプレー / ストロークプレー）",
    "category": "基本",
    "tags": [
      "順番"
    ],
    "detail": "プレー順序は原則ホールから遠い人が先ですが、ストロークプレーではレディゴルフも推奨されます。",
    "tip": "スムーズな進行が大切です。",
    "image": "images/play-order.png"
  },
  {
    "id": 130,
    "name": "レディゴルフ（Ready Golf）",
    "category": "基本",
    "tags": [
      "マナー"
    ],
    "detail": "安全が確保できれば準備ができた人から先に打つことができます。",
    "tip": "競技でも積極的に推奨されています。",
    "image": "images/ready-golf.png"
  },
  {
    "id": 131,
    "name": "ティーアップした球が落ちた場合",
    "category": "ティーイングエリア",
    "tags": [
      "ティーアップ"
    ],
    "detail": "ティーアップした球が風で落ちた場合は無罰で再度ティーに乗せられます。",
    "tip": "慌てずに置き直しましょう。",
    "image": "images/tee-fall.png"
  },
  {
    "id": 132,
    "name": "誤って範囲外からティーショット",
    "category": "ティーイングエリア",
    "tags": [
      "ペナルティ"
    ],
    "detail": "ティーイングエリア外から打つと2打罰です。",
    "tip": "正しいエリアを確認しましょう。",
    "image": "images/tee-outside.png"
  },
  {
    "id": 133,
    "name": "探索時間は3分以内",
    "category": "捜索",
    "tags": [
      "ロストボール"
    ],
    "detail": "ボールの捜索時間は3分まで。それを超えるとロストボール扱いです。",
    "tip": "時計を意識しましょう。",
    "image": "images/search-3min.png"
  },
  {
    "id": 134,
    "name": "誤球（他人のボールを打った場合）",
    "category": "捜索",
    "tags": [
      "誤球"
    ],
    "detail": "他人のボールを打った場合は誤球で2打罰。マッチプレーではホール負け。",
    "tip": "必ずマークを確認しましょう。",
    "image": "images/wrong-ball.png"
  },
  {
    "id": 135,
    "name": "複数のボールを打ってしまった場合",
    "category": "捜索",
    "tags": [
      "誤球"
    ],
    "detail": "1ホールで複数のボールを続けて打った場合、最初の球以外は誤球扱いとなります。",
    "tip": "間違えて打たないように注意。",
    "image": "images/multi-ball.png"
  },
  {
    "id": 136,
    "name": "動かせる障害物（落ち枝やボトル）",
    "category": "フェアウェイ",
    "tags": [
      "障害物"
    ],
    "detail": "人工物や落ちている枝などは無罰で取り除けます。",
    "tip": "安全を確認してから動かしましょう。",
    "image": "images/movable-obstruction.png"
  },
  {
    "id": 137,
    "name": "動かせない障害物（スプリンクラー等）",
    "category": "フェアウェイ",
    "tags": [
      "障害物"
    ],
    "detail": "スプリンクラーや標識などは無罰救済を受けられます。",
    "tip": "ニアレストポイントからドロップ。",
    "image": "images/immovable-obstruction.png"
  },
  {
    "id": 138,
    "name": "異常なコース状態からの救済",
    "category": "フェアウェイ",
    "tags": [
      "救済"
    ],
    "detail": "泥や動物の足跡などの異常な状態は無罰で救済を受けられます。",
    "tip": "足元が悪い場合は安全優先。",
    "image": "images/abnormal.png"
  },
  {
    "id": 139,
    "name": "クラブを砂にソールする行為",
    "category": "バンカー",
    "tags": [
      "バンカー"
    ],
    "detail": "ストロークの直前にクラブを砂につけると2打罰。アドレス前に軽く置くのはOK。",
    "tip": "注意深くアドレスしましょう。",
    "image": "images/sole-bunker.png"
  },
  {
    "id": 140,
    "name": "練習スイングで砂に触れる",
    "category": "バンカー",
    "tags": [
      "バンカー"
    ],
    "detail": "練習スイングで砂に触れると2打罰です。",
    "tip": "空振りにも注意。",
    "image": "images/practice-bunker.png"
  },
  {
    "id": 141,
    "name": "バンカーからの無罰救済はNG",
    "category": "バンカー",
    "tags": [
      "救済"
    ],
    "detail": "基本的にバンカーから無罰救済はできません。",
    "tip": "規則をよく確認しましょう。",
    "image": "images/no-relief-bunker.png"
  },
  {
    "id": 142,
    "name": "他人のパットを助ける行為",
    "category": "グリーン",
    "tags": [
      "マナー"
    ],
    "detail": "他人のパットのラインを踏んで教えるのはマナー違反です。",
    "tip": "配慮を忘れずに。",
    "image": "images/help-putt.png"
  },
  {
    "id": 143,
    "name": "グリーン上の練習パット",
    "category": "グリーン",
    "tags": [
      "マナー"
    ],
    "detail": "ラウンド中にグリーン上で練習パットはできません。",
    "tip": "終わった後はOK。",
    "image": "images/practice-green.png"
  },
  {
    "id": 144,
    "name": "フラッグスティックを抜く行為",
    "category": "グリーン",
    "tags": [
      "旗"
    ],
    "detail": "プレーヤーはいつでも旗竿を抜く選択ができます。",
    "tip": "ピンを抜くかは自由。",
    "image": "images/remove-flag.png"
  },
  {
    "id": 145,
    "name": "赤杭と黄杭の違い",
    "category": "ペナルティエリア",
    "tags": [
      "杭"
    ],
    "detail": "赤杭はラテラル、黄杭は正面の救済が必要。",
    "tip": "必ず杭の色を確認。",
    "image": "images/red-yellow.png"
  },
  {
    "id": 146,
    "name": "池に入ったボールを打つ選択",
    "category": "ペナルティエリア",
    "tags": [
      "池"
    ],
    "detail": "池に入ったボールは無理に打つこともできます。",
    "tip": "打つか救済を選択。",
    "image": "images/water-hit.png"
  },
  {
    "id": 147,
    "name": "池の対岸からの救済",
    "category": "ペナルティエリア",
    "tags": [
      "池"
    ],
    "detail": "赤杭のペナルティエリアでは対岸からの救済も選択可能です。",
    "tip": "安全性も考慮しましょう。",
    "image": "images/opposite-relief.png"
  },
  {
    "id": 148,
    "name": "OBの特設ティー",
    "category": "OB",
    "tags": [
      "ローカルルール"
    ],
    "detail": "ローカルルールで特設ティーが設けられていることがあります。",
    "tip": "必ず競技委員に確認。",
    "image": "images/local-tee.png"
  },
  {
    "id": 149,
    "name": "ロストボールの扱い",
    "category": "OB",
    "tags": [
      "ロストボール"
    ],
    "detail": "3分以内に見つからなければロストボール扱いで1打罰＋ストローク。",
    "tip": "暫定球でプレーを継続。",
    "image": "images/lost-ball.png"
  },
  {
    "id": 150,
    "name": "暫定球の宣言と処理",
    "category": "OB",
    "tags": [
      "暫定球"
    ],
    "detail": "ボールがOBやロストの可能性がある場合は必ず宣言して暫定球を打つ必要があります。",
    "tip": "宣言を忘れないように。",
    "image": "images/provisional.png"
  },
  {
    "id": 151,
    "name": "ドロップの方法（膝の高さ）",
    "category": "カート道 / 固定物",
    "tags": [
      "ドロップ"
    ],
    "detail": "救済時のドロップは肩からではなく膝の高さから行います。",
    "tip": "誤るとやり直し。",
    "image": "images/drop-knee.png"
  },
  {
    "id": 152,
    "name": "ドロップ後に転がりすぎた場合",
    "category": "カート道 / 固定物",
    "tags": [
      "ドロップ"
    ],
    "detail": "ドロップ後に2クラブ以上転がった場合はやり直しです。",
    "tip": "転がりすぎに注意。",
    "image": "images/drop-roll.png"
  },
  {
    "id": 153,
    "name": "救済エリアの決め方",
    "category": "カート道 / 固定物",
    "tags": [
      "救済"
    ],
    "detail": "ニアレストポイントから1クラブ長を救済エリアとします。",
    "tip": "クラブを使って計測。",
    "image": "images/relief-area.png"
  },
  {
    "id": 154,
    "name": "音楽をかけながらのプレー",
    "category": "マナー",
    "tags": [
      "音楽"
    ],
    "detail": "他人に迷惑をかけなければ音楽を流してもOKです。",
    "tip": "音量に注意。",
    "image": "images/music.png"
  },
  {
    "id": 155,
    "name": "携帯電話の使用",
    "category": "マナー",
    "tags": [
      "携帯"
    ],
    "detail": "プレー中の通話はマナー違反になります。",
    "tip": "緊急時を除いて控えましょう。",
    "image": "images/phone.png"
  },
  {
    "id": 156,
    "name": "同伴競技者への配慮",
    "category": "マナー",
    "tags": [
      "マナー"
    ],
    "detail": "他人が打つときは静かにし、視界に入らないように配慮しましょう。",
    "tip": "基本的なマナー。",
    "image": "images/respect.png"
  },
  {
    "id": 157,
    "name": "飛球線後方に立たない",
    "category": "マナー",
    "tags": [
      "アドレス",
      "ティー"
    ],
    "detail": "同伴者がアドレスを取っているときに飛球線の後方に立つことは禁止されています。心理的プレッシャーを与えるためです。",
    "tip": "後方にはキャディーも含めて立たないのが基本です。",
    "image": "images/behind-line.png"
  },
  {
    "id": 158,
    "name": "アドレス中は動かない",
    "category": "マナー",
    "tags": [
      "アドレス",
      "マナー"
    ],
    "detail": "同伴者がアドレスに入ったら静止して動かないようにしましょう。",
    "tip": "集中を妨げないように配慮しましょう。",
    "image": "images/no-move-address.png"
  },
  {
    "id": 159,
    "name": "素振りで芝を削らない",
    "category": "マナー",
    "tags": [
      "素振り",
      "芝"
    ],
    "detail": "素振りで芝を削る行為はマナー違反です。コースを傷つけないように注意。",
    "tip": "軽い素振りで確認するだけにしましょう。",
    "image": "images/practice-divot.png"
  },
  {
    "id": 160,
    "name": "グリーン上では走らない",
    "category": "マナー",
    "tags": [
      "グリーン",
      "マナー"
    ],
    "detail": "グリーン上を走るとディボットや芝を痛めるため禁止されています。",
    "tip": "静かに歩くのがマナーです。",
    "image": "images/no-run-green.png"
  },
  {
    "id": 161,
    "name": "ショット音や会話に注意",
    "category": "マナー",
    "tags": [
      "マナー",
      "音"
    ],
    "detail": "他人のショット時に音を立てたり会話するのはマナー違反です。",
    "tip": "集中を尊重して静かにしましょう。",
    "image": "images/silence.png"
  },
  {
    "id": 162,
    "name": "カラー杭の意味",
    "category": "コース標識",
    "tags": [
      "杭",
      "カラー杭"
    ],
    "detail": "白杭=OB、赤杭=ラテラルペナルティエリア、黄杭=正面ペナルティエリア、青杭=修理地、緑杭=環境保護エリアです。",
    "tip": "色を覚えると処置がすぐ分かります。",
    "image": "images/color-stakes.png"
  },
  {
    "id": 163,
    "name": "前の組との間隔を空けない",
    "category": "マナー",
    "tags": [
      "スロープレー",
      "進行"
    ],
    "detail": "前の組との間隔を必要以上に空けないようにしましょう。スロープレー防止の基本です。",
    "tip": "ハーフでハーフ休憩以外は進行を守りましょう。",
    "image": "images/pace.png"
  },
  {
    "id": 164,
    "name": "ボール探しは3分以内",
    "category": "捜索",
    "tags": [
      "ロストボール",
      "時間"
    ],
    "detail": "ボールの探索時間は3分まで。それを超えるとロストボール扱いになります。",
    "tip": "時間を意識して早めに暫定球を打ちましょう。",
    "image": "images/search-limit.png"
  },
  {
    "id": 165,
    "name": "クラブは数本持って移動",
    "category": "マナー",
    "tags": [
      "進行",
      "クラブ"
    ],
    "detail": "ボールの位置に行く際は数本のクラブを持っていきましょう。取りに戻ると進行が遅れます。",
    "tip": "状況に応じて2〜3本を持って行動。",
    "image": "images/multi-clubs.png"
  },
  {
    "id": 166,
    "name": "クラブが壊れた場合",
    "category": "その他",
    "tags": [
      "クラブ",
      "破損"
    ],
    "detail": "自然に壊れた場合は交換できますが、自分の怒りや故意で壊した場合は交換できません。",
    "tip": "冷静にプレーしましょう。",
    "image": "images/broken-club.png"
  },
  {
    "id": 167,
    "name": "ティーマークのカラーの違い",
    "category": "ティーイングエリア",
    "tags": [
      "ティーマーク",
      "カラー"
    ],
    "detail": "ティーマークの色はティーの種類を示しています。黒=チャンピオン、青=バック、白=レギュラー、赤=レディース、金や緑などはゴルフ場独自の設定です。",
    "tip": "競技やゴルフ場のルールで使用ティーが指定されることがあります。",
    "image": "images/tee-colors.png"
  },
  {
    "id": 168,
    "name": "クラブの本数制限",
    "category": "クラブ本数",
    "tags": [
      "クラブ",
      "制限"
    ],
    "detail": "競技ではクラブは14本までと決められています。15本以上入れてプレーすると違反です。",
    "tip": "初心者は10〜12本でも十分プレー可能です。",
    "image": "images/club-limit.png"
  },
  {
    "id": 169,
    "name": "グリーンマークの置き方",
    "category": "グリーン",
    "tags": [
      "グリーンマーク",
      "マーク"
    ],
    "detail": "グリーン上でボールを拾い上げる際は、ボールの直後にマークを置いてから拾い上げます。",
    "tip": "マークはコインや専用マーカーを使います。",
    "image": "images/green-mark.png"
  },
  {
    "id": 170,
    "name": "ピッチマーク修復の方法",
    "category": "グリーン",
    "tags": [
      "ピッチマーク",
      "修復"
    ],
    "detail": "ピッチマークは外側から内側へ寄せるように修復します。上に持ち上げるのはNGです。",
    "tip": "グリーンフォークを正しく使って修復しましょう。",
    "image": "images/pitch-mark.png"
  },
  {
    "id": 171,
    "name": "マークが他人のラインを妨げる場合",
    "category": "グリーン",
    "tags": [
      "グリーンマーク",
      "ライン"
    ],
    "detail": "自分のボールマークが他人のパットラインを妨げる場合、1クラブヘッド分横にずらすことができます。",
    "tip": "同伴者から依頼があったら必ず対応しましょう。",
    "image": "images/mark-move.png"
  },
  {
    "id": 172,
    "name": "クラブをカートに置き忘れた場合",
    "category": "クラブ本数",
    "tags": [
      "クラブ",
      "忘れ物"
    ],
    "detail": "クラブを置き忘れてもプレー中に追加はできません。自然に壊れた場合のみ交換が認められます。",
    "tip": "常にクラブの本数を確認して行動しましょう。",
    "image": "images/club-forgot.png"
  },
  {
    "id": 173,
    "name": "動かせない人工物に近い場合",
    "category": "カート道 / 固定物",
    "tags": [
      "障害物",
      "救済"
    ],
    "detail": "ベンチや標識などの動かせない人工物に近い場合は無罰救済を受けられます。",
    "tip": "ニアレストポイントを正しく測りましょう。",
    "image": "images/immovable.png"
  },
  {
    "id": 174,
    "name": "ライン上に立つ行為の禁止",
    "category": "マナー",
    "tags": [
      "ライン",
      "キャディ"
    ],
    "detail": "キャディや同伴者がプレーヤーの後方に立ってラインを示すのはルール違反です。",
    "tip": "自分で判断するのが基本です。",
    "image": "images/behind-player.png"
  },
  {
    "id": 175,
    "name": "プレー準備不足による遅延",
    "category": "マナー",
    "tags": [
      "スロープレー",
      "準備"
    ],
    "detail": "準備不足でショットに時間がかかるのはスロープレーの原因となります。",
    "tip": "前の人の間に準備を済ませておきましょう。",
    "image": "images/slow-ready.png"
  },
  {
    "id": 176,
    "name": "グリーンにバッグを置かない",
    "category": "マナー",
    "tags": [
      "バッグ",
      "グリーン"
    ],
    "detail": "グリーン上にキャディバッグや手荷物を置くのはマナー違反です。",
    "tip": "グリーン外に置くのが基本です。",
    "image": "images/bag-green.png"
  },
  {
    "id": 177,
    "name": "ピンを不用意に倒さない",
    "category": "マナー",
    "tags": [
      "ピン",
      "旗"
    ],
    "detail": "ピンを不用意に倒すと芝やグリーンを傷めます。",
    "tip": "丁寧に扱いましょう。",
    "image": "images/pin-fall.png"
  },
  {
    "id": 178,
    "name": "バンカーを均さずに出ない",
    "category": "バンカー",
    "tags": [
      "マナー",
      "バンカー"
    ],
    "detail": "バンカーを使った後は必ずレーキで均してから出ましょう。",
    "tip": "後続プレーヤーのための基本マナーです。",
    "image": "images/rake-bunker.png"
  },
  {
    "id": 179,
    "name": "動物がボールを拾って持って行った場合",
    "category": "自然要因",
    "tags": [
      "動物",
      "無罰"
    ],
    "detail": "カラスなどの動物がボールを拾って持ち去った場合は無罰です。元の位置に戻します。",
    "tip": "位置が不明な場合は推定位置に置きます。",
    "image": "images/animal-carry.png"
  },
  {
    "id": 180,
    "name": "動物がOBゾーンで落とした場合",
    "category": "自然要因",
    "tags": [
      "動物",
      "OB"
    ],
    "detail": "動物がボールをOBゾーンで落としてもプレーヤーには責任はなく、無罰で元の位置に戻します。",
    "tip": "自然要因による影響は無罰です。",
    "image": "images/animal-ob.png"
  },
  {
    "id": 181,
    "name": "風や水でボールが動いた場合",
    "category": "自然要因",
    "tags": [
      "風",
      "水"
    ],
    "detail": "風や水で動いた場合は無罰で元の位置に戻します。",
    "tip": "天候による影響はプレーヤーの責任ではありません。",
    "image": "images/wind-water.png"
  },
  {
    "id": 182,
    "name": "自分のアプローチが同伴者のボールに当たりカップインした場合",
    "category": "ボール接触",
    "tags": [
      "接触",
      "カップイン"
    ],
    "detail": "自分のボールが同伴者のボールに当たり、そのままカップインした場合は有効でホールインとなります。",
    "tip": "自分のスコアはそのままカウントされます。",
    "image": "images/ball-hit-in.png"
  },
  {
    "id": 183,
    "name": "同伴者のボールが接触でカップインした場合",
    "category": "ボール接触",
    "tags": [
      "接触",
      "カップイン"
    ],
    "detail": "自分のボールに当たり同伴者のボールがカップインした場合、そのカップインは無効で元の位置に戻します。",
    "tip": "相手のスコアに影響はありません。",
    "image": "images/ball-invalidate.png"
  },
  {
    "id": 184,
    "name": "ライン上の砂や落ち葉を取り除く",
    "category": "グリーン",
    "tags": [
      "グリーン",
      "障害物"
    ],
    "detail": "パッティングライン上の砂や落ち葉は無罰で取り除けます。",
    "tip": "ラインを整えるのは許されますが地面を押さえるのはNGです。",
    "image": "images/line-clean.png"
  },
  {
    "id": 185,
    "name": "マークにボールが当たった場合",
    "category": "グリーン",
    "tags": [
      "グリーンマーク",
      "接触"
    ],
    "detail": "他人のパットが自分のマークに当たっても無罰です。相手のボールはそのままプレーします。",
    "tip": "心配せず通常通り進行します。",
    "image": "images/mark-hit.png"
  },
  {
    "id": 186,
    "name": "バンカーに大量の水がある場合",
    "category": "バンカー",
    "tags": [
      "救済",
      "水"
    ],
    "detail": "バンカーに水が溜まっている場合、無罰救済を受けられます。",
    "tip": "ニアレストポイントからドロップします。",
    "image": "images/bunker-water.png"
  },
  {
    "id": 187,
    "name": "救済エリアにドロップした球が戻った場合",
    "category": "カート道 / 固定物",
    "tags": [
      "救済",
      "ドロップ"
    ],
    "detail": "ドロップしたボールが再び障害に戻った場合は無罰で再ドロップします。",
    "tip": "2回続いた場合はプレースします。",
    "image": "images/drop-back.png"
  },
  {
    "id": 188,
    "name": "練習スイングでボールに当たった場合",
    "category": "その他",
    "tags": [
      "素振り",
      "偶発"
    ],
    "detail": "練習スイングでボールに当たった場合は1打とカウントされます。",
    "tip": "無罰ではありません。打数に含めます。",
    "image": "images/practice-hit.png"
  },
  {
    "id": 189,
    "name": "空振りは1打と数える",
    "category": "空振り",
    "tags": [
      "空振り"
    ],
    "detail": "クラブを振って打とうとしたが当たらなかった場合も1打と数えます。",
    "tip": "素振りとの違いに注意。",
    "image": "images/airshot-count.png"
  },
  {
    "id": 190,
    "name": "練習スイングで偶然当たった場合は1打",
    "category": "空振り",
    "tags": [
      "空振り"
    ],
    "detail": "練習スイングで偶然ボールに当たった場合は1打とカウントされます。",
    "tip": "意図しなくてもカウントされます。",
    "image": "images/practice-hit.png"
  },
  {
    "id": 191,
    "name": "アドレス中に動いた場合はストローク扱いにならない",
    "category": "空振り",
    "tags": [
      "空振り"
    ],
    "detail": "アドレス中にボールが動いた場合はストロークにはなりません。",
    "tip": "ペナルティ有無は状況次第です。",
    "image": "images/address-move.png"
  },
  {
    "id": 192,
    "name": "ティーが倒れただけなら無罰",
    "category": "空振り",
    "tags": [
      "空振り"
    ],
    "detail": "空振りしてもボールが動かずティーだけ倒れた場合は無罰です。",
    "tip": "ボールが動かなければ問題なし。",
    "image": "images/tee-fall.png"
  },
  {
    "id": 193,
    "name": "素振りと空振りの違い",
    "category": "空振り",
    "tags": [
      "空振り"
    ],
    "detail": "素振りは打とうとしない動作、空振りは打とうとして当たらなかった動作です。",
    "tip": "意図の有無で区別されます。",
    "image": "images/airshot-diff.png"
  },
  {
    "id": 194,
    "name": "空振り後に暫定球を宣言できる",
    "category": "空振り",
    "tags": [
      "空振り"
    ],
    "detail": "空振りしても暫定球を宣言して打つことは可能です。",
    "tip": "OBの可能性があるときは忘れずに。",
    "image": "images/provisional-air.png"
  },
  {
    "id": 195,
    "name": "素振りで水や砂に触れるとペナルティ",
    "category": "素振り",
    "tags": [
      "素振り"
    ],
    "detail": "素振りで水や砂に触れると2打罰です。",
    "tip": "空振りとは区別しましょう。",
    "image": "images/practice-water.png"
  },
  {
    "id": 196,
    "name": "素振りは何回しても打数に入らない",
    "category": "素振り",
    "tags": [
      "素振り"
    ],
    "detail": "素振りは何回しても打数には入りません。",
    "tip": "打つ意図がないのでカウントされません。",
    "image": "images/practice-free.png"
  },
  {
    "id": 197,
    "name": "多い本数でスタートした場合の処置",
    "category": "クラブ本数",
    "tags": [
      "クラブ"
    ],
    "detail": "15本以上でスタートした場合は違反です。罰打が課されます。",
    "tip": "スタート前に確認しましょう。",
    "image": "images/club-too-many.png"
  },
  {
    "id": 198,
    "name": "クラブを壊した場合の扱い",
    "category": "クラブ本数",
    "tags": [
      "クラブ"
    ],
    "detail": "自然に壊れた場合は交換可能ですが、故意に壊した場合は不可です。",
    "tip": "冷静に対応しましょう。",
    "image": "images/club-broken.png"
  },
  {
    "id": 199,
    "name": "クラブを置き忘れても追加不可",
    "category": "クラブ本数",
    "tags": [
      "クラブ"
    ],
    "detail": "置き忘れた場合でも追加は認められません。",
    "tip": "自己責任です。",
    "image": "images/club-forgot.png"
  },
  {
    "id": 200,
    "name": "複数のボールを打った場合",
    "category": "誤球",
    "tags": [
      "誤球"
    ],
    "detail": "ホールで複数のボールを打った場合、最初のボール以外は誤球となります。",
    "tip": "ボール確認を怠らないように。",
    "image": "images/multi-ball.png"
  },
  {
    "id": 201,
    "name": "マッチとストロークでの誤球処置の違い",
    "category": "誤球",
    "tags": [
      "誤球"
    ],
    "detail": "マッチプレーではホール負け、ストロークプレーでは2打罰です。",
    "tip": "形式で処置が異なります。",
    "image": "images/wrong-ball-diff.png"
  },
  {
    "id": 202,
    "name": "ローカルルールで特設ティーから打ち直し",
    "category": "ロストボール",
    "tags": [
      "ロストボール"
    ],
    "detail": "特設ティー（プレーイング4）から打つことが認められる場合があります。",
    "tip": "ローカルルールを確認。",
    "image": "images/local-tee.png"
  },
  {
    "id": 203,
    "name": "ロスト時は必ず暫定球を打つ",
    "category": "ロストボール",
    "tags": [
      "ロストボール"
    ],
    "detail": "ロストの可能性がある場合は必ず暫定球を打つ必要があります。",
    "tip": "忘れると戻らねばなりません。",
    "image": "images/lost-provisional.png"
  },
  {
    "id": 204,
    "name": "ライン上に立たない",
    "category": "同伴者配慮",
    "tags": [
      "マナー"
    ],
    "detail": "同伴者のパットライン上に立つのはマナー違反です。",
    "tip": "視覚的に妨げになります。",
    "image": "images/line-stand.png"
  },
  {
    "id": 205,
    "name": "アドレス中に話さない",
    "category": "同伴者配慮",
    "tags": [
      "マナー"
    ],
    "detail": "同伴者がアドレスに入っているときに話すのはマナー違反です。",
    "tip": "集中を妨げないように。",
    "image": "images/talk-address.png"
  },
  {
    "id": 206,
    "name": "グリーンを横切らない",
    "category": "同伴者配慮",
    "tags": [
      "マナー"
    ],
    "detail": "他人のラインを横切って歩くのはマナー違反です。",
    "tip": "必ず避けましょう。",
    "image": "images/green-cross.png"
  },
  {
    "id": 207,
    "name": "杭の基本的な意味",
    "category": "杭",
    "tags": [
      "杭"
    ],
    "detail": "ゴルフ場には赤杭・黄杭・青杭・緑杭など、さまざまな杭が設置されています。それぞれが異なるルールや救済の基準を示します。",
    "tip": "初心者はまず色ごとの意味を覚えましょう。",
    "image": "images/stake-basic.png"
  },
  {
    "id": 208,
    "name": "杭は動かせない障害物",
    "category": "杭",
    "tags": [
      "杭",
      "救済"
    ],
    "detail": "通常、杭は固定物として扱われ、動かすことはできません。救済は規則に従って行います。",
    "tip": "杭を無理に動かすとペナルティになる可能性があります。",
    "image": "images/stake-fixed.png"
  },
  {
    "id": 209,
    "name": "ローカルルールでの杭の扱い",
    "category": "杭",
    "tags": [
      "杭",
      "ローカルルール"
    ],
    "detail": "ゴルフ場によっては白杭や黒杭を独自に設定し、特定のエリアを示す場合があります。",
    "tip": "競技前に必ずローカルルールを確認しましょう。",
    "image": "images/stake-local.png"
  },
  {
    "id": 210,
    "name": "白杭はOBの境界",
    "category": "白杭",
    "tags": [
      "杭",
      "OB"
    ],
    "detail": "白杭はOBの境界を示し、杭の外側はコース外とされます。杭自体はコース内です。",
    "tip": "白杭の内側にボールがあればインプレーです。",
    "image": "images/stake-white.png"
  },
  {
    "id": 211,
    "name": "黒杭は特別なエリアを示す",
    "category": "黒杭",
    "tags": [
      "杭",
      "ローカルルール"
    ],
    "detail": "黒杭は競技やローカルルールで特別なエリアを示す場合があります。必ず競技前に確認しましょう。",
    "tip": "ゴルフ場独自ルールのケースが多いです。",
    "image": "images/stake-black.png"
  },
  {
    "id": 212,
    "name": "杭（全般）のルール",
    "category": "杭",
    "tags": [
      "杭"
    ],
    "detail": "ゴルフ場に設置される杭（赤・黄・青・白・緑・黒）はそれぞれ異なる意味を持ちます。",
    "tip": "色ごとの違いを覚えるとトラブル回避に役立ちます。",
    "image": "images/stake-general.png"
  },
  {
    "id": 213,
    "name": "赤杭（ラテラルウォーターハザード）",
    "category": "赤杭",
    "tags": [
      "杭",
      "ペナルティ"
    ],
    "detail": "赤杭はラテラルウォーターハザードを示します。1打罰で規定の救済を受けられます。",
    "tip": "横方向の処置が認められるのが特徴です。",
    "image": "images/stake-red.png"
  },
  {
    "id": 214,
    "name": "黄杭（ウォーターハザード）",
    "category": "黄杭",
    "tags": [
      "杭",
      "ペナルティ"
    ],
    "detail": "黄杭は通常のウォーターハザードを示します。1打罰で後方線上にドロップ可能です。",
    "tip": "正面方向の処置になる点に注意。",
    "image": "images/stake-yellow.png"
  },
  {
    "id": 215,
    "name": "白杭（OB）",
    "category": "白杭",
    "tags": [
      "杭",
      "OB"
    ],
    "detail": "白杭はアウトオブバウンズを示します。完全に外に出るとOBです。",
    "tip": "杭の内側にボールがあればインプレー。",
    "image": "images/stake-white.png"
  },
  {
    "id": 216,
    "name": "青杭（修理地/GUR）",
    "category": "青杭",
    "tags": [
      "杭",
      "救済"
    ],
    "detail": "青杭は修理地を示し、無罰で救済を受けられます。",
    "tip": "整備中のエリアに多い杭です。",
    "image": "images/stake-blue.png"
  },
  {
    "id": 217,
    "name": "緑杭（環境保護エリア/特設ティー）",
    "category": "緑杭",
    "tags": [
      "杭",
      "ローカルルール"
    ],
    "detail": "緑杭は環境保護や特設ティーを示します。ローカルルールで扱いが異なります。",
    "tip": "競技前にローカルルールを確認。",
    "image": "images/stake-green.png"
  },
  {
    "id": 218,
    "name": "黒杭（特殊ルール）",
    "category": "黒杭",
    "tags": [
      "杭",
      "ローカルルール"
    ],
    "detail": "黒杭はゴルフ場独自の特殊ルールを示す場合があります。",
    "tip": "競技や安全確保のために設置されることがあります。",
    "image": "images/stake-black.png"
  }
]